ticket_id,customer_id,issue_type,resolution_time_days,resolved
1,757,General,0.29,1
2,506,Network,0.47,1
3,27,Billing,0.33,1
4,630,Billing,1.65,1
5,190,Technical,4.76,1
6,811,Technical,0.46,1
7,308,Network,0.42,1
8,388,Technical,3.09,1
9,848,Network,0.66,1
10,727,Billing,0.31,1
11,272,General,0.55,1
12,541,Billing,7.72,1
13,348,General,5.17,0
14,163,Network,1.31,0
15,971,Technical,3.2,0
16,124,Billing,2.31,1
17,843,General,3.39,0
18,847,General,3.44,0
19,914,Technical,2.97,1
20,976,General,0.93,0
21,335,Technical,0.12,1
22,836,General,1.82,1
23,96,Billing,6.65,1
24,959,General,2.53,1
25,63,Network,5.36,0
26,945,Network,14.35,0
27,244,Technical,0.54,0
28,106,General,3.53,1
29,781,Technical,3.37,0
30,430,General,11.73,0
31,904,Billing,12.72,0
32,893,Billing,3.48,1
33,667,Network,0.84,1
34,366,Technical,4.81,1
35,287,Billing,0.34,0
36,582,Network,4.55,1
37,966,Network,7.23,0
38,397,Billing,1.45,1
39,884,General,2.99,1
40,794,General,1.69,1
41,593,General,1.73,0
42,245,Billing,1.11,1
43,186,Network,4.31,0
44,669,General,8.25,0
45,630,General,8.48,0
46,279,Technical,0.58,1
47,79,Technical,6.23,0
48,262,Technical,4.01,0
49,596,Network,0.87,0
50,779,General,0.21,1
51,660,Network,0.94,1
52,999,General,7.3,0
53,74,Billing,3.01,1
54,839,Technical,3.83,0
55,815,Technical,0.89,1
56,115,Technical,3.81,0
57,231,Billing,0.09,0
58,285,Network,1.41,0
59,659,General,2.96,1
60,787,Network,0.47,1
61,936,Technical,5.19,1
62,838,Network,0.8,1
63,653,General,3.17,0
64,221,Technical,1.56,0
65,984,General,2.72,0
66,191,Network,0.34,0
67,985,Billing,0.05,1
68,881,General,7.21,1
69,192,Technical,0.94,1
70,639,Network,5.14,0
71,101,General,22.02,0
72,248,Network,0.71,0
73,781,Billing,0.92,1
74,480,Billing,3.26,0
75,721,Technical,10.1,1
76,156,Network,7.42,1
77,783,General,2.1,0
78,60,General,4.76,1
79,487,General,0.44,0
80,941,Billing,11.37,0
81,28,Network,10.0,1
82,415,Network,0.54,1
83,398,Technical,1.07,1
84,758,General,0.32,1
85,331,Network,0.95,0
86,332,Network,5.08,0
87,483,Network,1.43,0
88,154,Technical,0.28,1
89,962,Technical,1.26,0
90,841,General,11.95,0
91,462,Technical,2.98,1
92,240,Network,1.61,1
93,180,General,0.55,0
94,637,Billing,12.84,1
95,154,Technical,5.16,1
96,760,Technical,0.99,0
97,99,Billing,0.22,1
98,519,Technical,0.17,0
99,559,General,0.38,1
100,653,General,2.61,1
101,189,General,7.93,1
102,675,General,2.06,0
103,632,Network,5.55,1
104,289,Technical,1.77,1
105,153,Network,3.7,1
106,35,Network,3.95,1
107,54,Technical,0.57,0
108,972,Technical,1.34,0
109,254,Network,3.04,1
110,685,General,0.22,0
111,871,Network,1.35,0
112,206,Billing,2.3,1
113,154,General,16.74,0
114,973,Network,1.93,1
115,61,Billing,5.08,0
116,454,General,1.7,1
117,821,Network,4.77,1
118,688,Billing,2.71,1
119,925,Technical,6.53,0
120,449,Network,1.59,1
121,833,Network,2.78,0
122,286,Technical,2.98,0
123,194,Network,1.62,1
124,75,Technical,0.47,1
125,150,Technical,0.29,0
126,273,Billing,0.05,0
127,552,Billing,6.2,1
128,736,Technical,0.81,0
129,764,General,0.71,0
130,766,General,4.0,1
131,878,Billing,1.16,0
132,5,Network,2.12,0
133,852,Technical,0.53,1
134,315,Billing,9.64,1
135,469,Technical,5.72,1
136,269,Billing,5.98,0
137,95,General,1.57,1
138,214,General,4.31,0
139,370,Billing,0.47,1
140,941,General,0.03,0
141,448,General,0.06,0
142,950,Billing,2.65,1
143,611,Billing,1.82,0
144,434,Technical,2.19,1
145,449,Network,0.02,1
146,515,Network,1.65,1
147,351,General,3.8,1
148,477,Network,1.75,1
149,948,Network,3.95,0
150,622,General,0.8,0
151,266,Technical,5.03,0
152,710,Technical,2.66,1
153,69,General,0.71,0
154,174,Technical,0.81,1
155,100,Network,2.97,0
156,952,Billing,5.31,0
157,41,Billing,1.61,1
158,60,Billing,0.9,0
159,360,Network,6.05,1
160,740,Network,3.32,1
161,994,Technical,1.78,0
162,200,Technical,2.01,1
163,584,Billing,0.69,1
164,97,Billing,2.96,1
165,881,Billing,1.33,1
166,487,Network,16.31,0
167,211,Network,1.96,1
168,376,Technical,2.0,1
169,185,Billing,2.5,1
170,911,General,7.46,0
171,557,General,4.84,1
172,961,Technical,1.8,0
173,134,Network,3.8,0
174,21,Network,2.65,1
175,411,Technical,2.03,0
176,420,Technical,0.64,0
177,500,Network,1.87,0
178,332,General,0.85,1
179,907,Network,7.39,0
180,185,General,1.23,0
181,40,Network,9.13,1
182,104,Billing,2.28,0
183,629,Technical,3.0,0
184,66,Billing,2.35,1
185,894,Network,0.42,1
186,522,Billing,1.41,1
187,285,Billing,0.31,1
188,409,Technical,2.93,1
189,422,Technical,1.78,0
190,661,General,4.52,1
191,721,General,0.75,0
192,506,Technical,0.54,0
193,879,Network,1.56,1
194,430,Network,7.83,0
195,612,Network,3.72,0
196,151,Network,1.63,1
197,594,Technical,2.18,0
198,276,General,0.26,0
199,797,Technical,12.52,1
200,955,Billing,3.29,1
201,433,Technical,1.01,1
202,787,Billing,2.64,1
203,595,Billing,0.35,0
204,994,General,10.13,1
205,849,Network,0.58,0
206,689,General,3.13,1
207,391,Billing,0.84,0
208,39,Billing,3.79,1
209,436,Technical,4.5,0
210,741,Technical,3.36,0
211,584,General,2.86,0
212,343,Technical,6.69,0
213,460,Technical,0.25,1
214,543,Network,1.21,0
215,942,Technical,0.86,0
216,453,Network,13.27,1
217,419,General,1.48,0
218,690,Network,3.96,1
219,867,Technical,3.46,0
220,332,Network,0.72,0
221,106,Network,0.82,0
222,744,Network,0.99,0
223,356,Technical,1.59,0
224,672,Network,0.8,0
225,150,Technical,0.06,1
226,780,Network,6.35,0
227,218,Billing,10.11,1
228,322,General,1.25,0
229,360,General,1.24,1
230,856,Billing,0.02,1
231,726,Technical,3.42,0
232,347,Billing,5.24,0
233,996,Technical,0.48,0
234,284,General,0.52,0
235,288,Billing,4.68,0
236,204,Network,2.87,1
237,882,Technical,0.14,0
238,876,Network,2.92,0
239,2,Billing,1.11,1
240,271,Network,1.38,1
241,813,Technical,4.41,0
242,995,General,5.0,0
243,724,General,1.53,0
244,226,General,8.82,0
245,160,Network,1.56,0
246,173,General,4.43,1
247,545,Network,1.98,0
248,825,Technical,6.83,0
249,391,Network,7.15,0
250,977,Network,0.27,0
251,760,Technical,8.27,0
252,212,Billing,5.24,0
253,650,Billing,4.7,1
254,825,Network,0.67,0
255,675,Billing,4.91,1
256,658,Billing,5.69,1
257,466,General,1.02,1
258,995,Billing,9.13,0
259,653,General,0.15,0
260,690,Technical,0.49,1
261,351,Billing,2.31,1
262,753,Network,2.57,1
263,229,Billing,3.11,1
264,337,Network,0.05,0
265,709,Technical,9.68,1
266,834,General,0.14,1
267,834,Network,0.46,1
268,818,Billing,0.04,1
269,943,Network,2.51,0
270,106,Technical,8.08,0
271,270,General,3.29,1
272,806,Network,5.19,1
273,220,Technical,0.04,1
274,449,Technical,2.34,0
275,603,General,1.85,1
276,57,Technical,2.07,1
277,723,General,0.22,1
278,597,Technical,3.46,1
279,626,Technical,2.1,1
280,181,Network,4.35,1
281,498,Technical,1.99,1
282,222,Network,0.49,1
283,898,Billing,3.13,1
284,258,Billing,0.57,0
285,782,Network,6.18,1
286,121,Technical,2.85,1
287,296,Network,0.51,0
288,903,General,9.84,1
289,374,Network,2.19,1
290,231,General,0.23,1
291,194,Network,2.96,1
292,380,Billing,0.88,1
293,959,General,4.88,1
294,66,Billing,5.11,1
295,264,General,11.58,1
296,819,Technical,2.09,1
297,189,Network,1.82,0
298,811,Billing,4.2,1
299,297,General,0.43,0
300,317,Technical,2.38,1
301,821,Technical,2.37,0
302,785,Network,0.28,1
303,488,Technical,1.62,1
304,556,Technical,5.76,1
305,434,Billing,5.82,1
306,721,Billing,0.31,0
307,522,General,0.29,0
308,148,Billing,0.91,1
309,989,Billing,6.23,1
310,944,Network,0.41,0
311,158,Network,3.82,1
312,128,Technical,0.32,0
313,450,Technical,2.93,1
314,434,Network,1.32,1
315,47,Technical,4.67,0
316,890,Billing,0.8,1
317,840,General,3.06,0
318,962,Billing,0.81,0
319,508,Technical,3.75,1
320,842,Technical,6.21,1
321,253,Network,0.41,0
322,109,General,6.04,0
323,370,Network,2.7,0
324,710,Technical,0.41,0
325,393,Billing,1.67,1
326,475,General,0.53,0
327,155,General,3.62,0
328,812,Billing,4.27,0
329,393,Billing,0.34,0
330,104,Technical,2.12,0
331,502,Technical,5.06,0
332,526,Network,8.25,0
333,983,Billing,2.16,1
334,472,Billing,9.0,0
335,985,Billing,2.3,0
336,613,General,1.5,1
337,223,Technical,5.66,1
338,69,Technical,2.04,1
339,52,General,1.92,0
340,655,Billing,2.02,1
341,191,Network,5.63,0
342,887,General,5.35,1
343,232,General,1.55,0
344,46,Network,1.22,0
345,702,Billing,2.03,0
346,265,Network,2.55,1
347,90,Billing,0.82,1
348,892,Technical,4.74,0
349,704,Billing,2.0,0
350,842,General,1.22,1
351,653,Network,0.34,1
352,703,Billing,0.82,0
353,404,Billing,8.94,1
354,857,Billing,1.09,1
355,14,Network,0.55,0
356,286,General,1.85,1
357,408,Billing,1.1,1
358,967,Technical,0.11,1
359,466,Billing,1.17,0
360,463,Network,2.36,1
361,171,Technical,2.41,0
362,623,Technical,1.32,1
363,781,Billing,1.78,0
364,579,Technical,10.1,1
365,570,General,1.42,1
366,778,Billing,0.9,0
367,897,Technical,0.84,1
368,54,Network,1.84,0
369,404,Technical,4.28,0
370,279,General,0.69,0
371,290,General,3.71,1
372,97,Technical,0.06,0
373,406,Billing,1.63,1
374,951,Network,4.49,1
375,898,Network,1.24,0
376,374,Network,2.49,0
377,74,General,0.69,1
378,416,General,4.06,1
379,127,Billing,0.16,0
380,580,General,5.74,1
381,80,Network,0.66,1
382,929,General,6.22,0
383,846,General,1.3,0
384,412,Technical,3.85,1
385,710,Network,1.15,1
386,13,Billing,7.09,1
387,361,General,0.41,0
388,690,Billing,0.59,1
389,921,Billing,2.04,1
390,676,General,0.26,0
391,80,General,0.65,1
392,563,Network,8.63,1
393,55,General,11.25,1
394,521,Network,1.42,1
395,679,General,7.7,0
396,391,Network,2.36,1
397,720,Network,0.94,1
398,157,Billing,3.64,1
399,837,Network,3.23,1
400,665,Technical,13.56,1
401,680,Technical,0.92,1
402,376,General,3.34,1
403,232,Billing,0.16,0
404,708,Billing,0.36,1
405,956,Billing,0.01,1
406,148,Billing,22.58,0
407,939,Network,4.86,1
408,774,Network,4.64,0
409,614,Network,2.14,0
410,739,Network,1.07,0
411,51,General,0.49,1
412,196,General,1.01,1
413,441,Network,1.41,0
414,12,Network,4.24,1
415,393,Billing,2.33,1
416,467,General,0.24,0
417,476,General,0.05,1
418,464,Network,0.32,0
419,439,Billing,1.59,1
420,279,General,8.12,0
421,704,Billing,3.04,0
422,978,General,4.86,0
423,992,Billing,1.88,0
424,894,Billing,1.35,1
425,654,Network,0.34,0
426,591,General,6.26,0
427,587,Network,4.59,1
428,796,Network,0.55,1
429,419,General,2.15,1
430,20,Network,2.0,0
431,403,Technical,2.94,1
432,640,Technical,8.77,0
433,161,Technical,2.6,1
434,729,Network,2.33,0
435,54,Technical,0.15,1
436,633,Technical,0.19,1
437,201,Billing,0.62,1
438,610,Technical,0.1,0
439,325,Billing,4.08,0
440,722,Technical,3.85,1
441,702,Technical,0.44,1
442,642,Technical,5.43,0
443,110,Billing,0.5,0
444,168,General,1.08,0
445,885,Billing,0.86,1
446,294,Network,1.4,1
447,161,Network,0.88,1
448,990,Technical,2.01,0
449,389,Billing,1.57,0
450,403,Technical,12.93,0
451,543,Billing,0.17,1
452,387,Billing,0.46,1
453,901,Billing,0.16,0
454,892,Technical,2.95,0
455,541,Technical,0.17,0
456,874,Billing,5.43,0
457,675,General,2.15,0
458,719,General,2.25,0
459,33,Technical,2.47,0
460,55,Technical,0.56,1
461,857,General,0.66,0
462,562,General,1.15,1
463,77,Network,2.7,0
464,952,Network,0.71,0
465,160,Billing,0.37,1
466,394,Technical,10.53,0
467,312,Billing,0.07,0
468,534,General,4.87,0
469,886,General,4.65,0
470,313,Technical,1.06,0
471,594,General,0.44,0
472,173,Technical,0.47,1
473,398,Technical,3.59,1
474,223,General,3.09,0
475,514,Technical,4.58,0
476,663,General,8.32,0
477,453,Billing,3.53,0
478,17,Network,0.51,1
479,206,Network,0.84,0
480,317,Billing,5.54,1
481,44,Technical,0.7,1
482,352,General,0.23,1
483,148,Network,3.64,0
484,851,General,1.55,0
485,677,Network,7.58,0
486,357,General,3.15,1
487,544,Technical,0.28,1
488,112,Network,8.86,0
489,160,Technical,0.9,1
490,966,Network,1.23,1
491,153,General,1.54,1
492,522,Network,0.16,0
493,986,Billing,2.06,0
494,5,Billing,0.39,1
495,887,General,1.54,0
496,46,Network,1.3,1
497,313,Billing,4.45,1
498,278,Technical,4.88,0
499,352,Network,0.5,1
500,409,Technical,1.37,1
501,597,Network,1.4,1
502,749,Technical,0.49,0
503,925,Billing,4.81,0
504,850,General,3.69,1
505,70,General,0.63,0
506,417,Network,1.37,1
507,960,General,0.34,0
508,433,Technical,2.97,1
509,547,Network,0.39,1
510,986,Technical,12.79,1
511,722,Network,4.55,0
512,553,Billing,1.48,1
513,211,Technical,2.59,1
514,679,Billing,7.27,1
515,265,General,2.42,1
516,412,General,0.58,1
517,997,Technical,1.43,0
518,116,Billing,5.56,0
519,857,Network,3.1,1
520,487,Technical,3.16,0
521,594,Technical,6.05,1
522,86,Network,6.73,0
523,929,Network,7.57,0
524,278,Technical,0.3,1
525,714,Billing,2.36,1
526,515,General,4.05,1
527,539,Billing,4.24,0
528,519,Network,2.8,1
529,265,Technical,0.55,0
530,434,Billing,4.79,0
531,199,Network,3.82,1
532,424,Network,0.27,0
533,517,Network,1.87,0
534,428,Network,0.57,1
535,228,General,1.24,0
536,314,General,0.05,0
537,444,Billing,1.53,0
538,463,Network,2.39,1
539,496,Billing,2.9,0
540,451,Billing,3.27,1
541,665,Billing,5.43,0
542,70,Network,0.73,0
543,414,Technical,0.39,0
544,154,Network,5.72,0
545,360,General,0.51,1
546,627,General,11.04,0
547,861,Technical,5.55,0
548,243,Billing,2.08,1
549,943,Billing,11.96,1
550,201,Technical,0.31,1
551,455,Network,1.08,1
552,904,General,3.05,0
553,873,Technical,1.29,1
554,244,Billing,7.91,0
555,184,Billing,0.2,0
556,178,Network,2.39,0
557,746,General,2.68,0
558,475,Technical,3.17,0
559,774,General,0.89,1
560,30,Technical,1.36,1
561,494,Network,5.57,1
562,258,General,0.65,1
563,124,Network,5.26,0
564,741,Billing,2.48,1
565,26,Technical,4.31,1
566,208,Billing,3.75,0
567,75,Network,0.7,0
568,357,Network,2.52,0
569,454,Billing,6.07,0
570,589,General,1.7,0
571,174,General,10.2,1
572,283,General,1.81,1
573,427,Network,0.46,0
574,471,Network,1.48,0
575,466,Billing,9.09,1
576,330,Network,1.16,0
577,342,Technical,6.08,1
578,806,Network,6.39,0
579,536,Network,1.29,1
580,888,General,0.26,0
581,877,General,3.87,0
582,522,Technical,1.12,1
583,412,Network,4.58,1
584,546,General,1.75,0
585,599,Billing,1.99,0
586,507,Technical,4.51,0
587,808,Technical,1.45,1
588,275,Billing,1.76,1
589,168,Billing,1.42,0
590,59,General,1.37,1
591,617,Network,2.24,0
592,649,Technical,4.96,1
593,541,Network,1.35,0
594,71,Billing,2.23,1
595,116,General,3.33,1
596,538,Network,0.94,0
597,311,General,0.98,0
598,124,Billing,8.13,0
599,426,Technical,3.86,0
600,320,Technical,2.58,1
601,624,Billing,3.13,1
602,633,Network,0.09,0
603,376,Technical,2.89,1
604,224,Billing,2.14,0
605,181,General,2.37,1
606,189,Technical,1.34,0
607,235,Network,0.25,1
608,525,Billing,0.64,1
609,524,Network,9.03,1
610,133,Network,1.58,1
611,98,General,1.89,1
612,257,Technical,0.16,1
613,171,Network,0.11,1
614,320,Network,3.79,1
615,139,Technical,2.32,0
616,262,Technical,2.13,1
617,136,Network,0.84,0
618,790,Technical,4.1,1
619,904,Billing,0.55,1
620,113,Network,0.63,1
621,623,Technical,1.85,1
622,394,General,1.01,0
623,801,General,0.85,1
624,335,Billing,3.11,0
625,952,Network,3.16,0
626,482,Network,5.22,1
627,498,Technical,1.62,1
628,513,Technical,0.23,1
629,645,General,0.96,0
630,231,Technical,11.74,0
631,280,Network,2.72,1
632,731,Technical,3.71,0
633,408,General,0.02,1
634,815,Billing,2.19,1
635,290,Technical,0.11,0
636,485,Network,2.53,0
637,81,Network,7.61,0
638,211,General,10.37,0
639,443,Network,2.33,1
640,959,Technical,1.84,0
641,715,General,8.7,0
642,172,Network,3.36,1
643,523,Technical,0.2,0
644,817,Network,1.88,0
645,339,Technical,0.82,1
646,46,Technical,1.9,1
647,122,Billing,1.82,0
648,443,Technical,2.62,1
649,776,Network,1.32,0
650,628,Technical,0.54,1
651,740,Technical,2.1,0
652,952,Technical,5.32,1
653,587,General,3.27,1
654,319,General,1.24,1
655,595,Network,8.22,0
656,378,Network,7.3,0
657,295,Network,0.7,0
658,896,General,0.12,0
659,360,General,4.06,0
660,566,Network,5.27,0
661,350,Network,10.31,1
662,723,General,6.62,0
663,258,General,2.75,0
664,807,Technical,2.27,1
665,187,Network,0.08,0
666,489,Network,0.85,1
667,637,Technical,1.85,0
668,607,Billing,2.97,0
669,219,Technical,2.44,1
670,481,Technical,4.07,0
671,89,Billing,0.98,0
672,575,Technical,2.5,0
673,282,Billing,0.28,0
674,649,General,1.6,1
675,751,Billing,4.16,0
676,791,Network,3.55,0
677,688,Billing,14.01,0
678,149,Billing,0.98,1
679,179,Technical,2.07,1
680,145,General,1.2,1
681,26,Billing,1.74,1
682,392,Technical,5.83,1
683,221,Technical,3.46,1
684,801,Technical,6.42,1
685,575,General,0.68,1
686,150,General,6.2,1
687,92,Technical,0.18,1
688,160,Technical,6.58,1
689,486,General,1.2,0
690,698,Network,1.13,1
691,441,Network,2.15,1
692,469,Billing,8.47,0
693,963,Network,0.15,1
694,717,General,1.3,1
695,495,Billing,5.83,1
696,968,Technical,1.51,1
697,967,General,0.67,1
698,6,Technical,1.66,0
699,483,Technical,1.46,0
700,617,Technical,7.41,0
701,948,Technical,4.31,1
702,357,Network,2.11,1
703,691,General,13.36,0
704,182,General,1.88,0
705,567,Technical,0.18,1
706,266,Billing,0.91,1
707,594,Network,1.72,1
708,206,Billing,0.51,0
709,946,General,8.84,1
710,292,General,4.37,1
711,104,Billing,0.94,0
712,355,Technical,2.68,1
713,848,Billing,3.83,1
714,341,Technical,8.5,1
715,865,General,6.4,1
716,943,Billing,2.17,0
717,490,General,4.47,1
718,215,Network,2.48,1
719,310,General,2.41,0
720,835,Billing,0.37,1
721,733,Billing,0.4,0
722,519,Billing,2.26,1
723,634,Network,0.94,1
724,950,Network,0.06,0
725,61,Network,3.85,1
726,484,Network,0.1,1
727,484,General,2.71,1
728,315,Billing,2.32,1
729,863,Billing,10.4,1
730,494,Billing,1.99,0
731,410,Billing,0.2,0
732,828,Network,2.41,1
733,732,Technical,5.52,1
734,142,Technical,17.28,1
735,357,Technical,1.69,0
736,782,Technical,1.16,1
737,919,General,7.11,0
738,138,Technical,0.64,1
739,668,Billing,2.87,1
740,236,General,1.56,0
741,468,Network,0.13,1
742,249,General,1.28,0
743,767,General,0.92,0
744,657,Billing,3.48,1
745,822,Network,8.92,1
746,434,Technical,0.94,0
747,716,Billing,5.01,1
748,874,General,0.17,1
749,72,Technical,2.32,1
750,52,Technical,0.22,1
751,402,Network,8.16,0
752,88,Network,4.36,0
753,189,General,3.22,1
754,663,Billing,5.21,1
755,192,Technical,3.13,1
756,978,Technical,10.42,1
757,299,Network,3.75,1
758,371,Technical,7.76,1
759,594,Billing,2.18,1
760,366,Network,0.37,0
761,143,General,2.25,0
762,690,Network,0.41,0
763,884,Network,2.69,1
764,734,Billing,1.98,1
765,561,Billing,2.92,0
766,76,General,0.03,0
767,271,Technical,0.65,1
768,863,Network,2.03,0
769,15,General,9.02,1
770,851,General,1.45,1
771,630,Technical,1.66,1
772,505,Billing,3.76,0
773,439,Technical,2.78,1
774,748,General,1.07,0
775,16,Technical,1.59,0
776,573,General,0.74,0
777,144,Network,10.15,1
778,590,Network,0.42,1
779,101,Network,1.39,0
780,696,Technical,0.08,1
781,187,Network,0.75,0
782,728,Technical,4.55,1
783,979,General,0.67,0
784,865,Technical,0.25,0
785,79,Billing,1.93,1
786,233,General,0.03,0
787,173,Network,0.27,0
788,755,Network,4.94,1
789,315,Technical,4.43,1
790,1,Billing,7.4,1
791,580,General,5.78,1
792,931,Network,3.45,1
793,53,Technical,0.16,0
794,683,Billing,4.58,1
795,865,Network,5.6,0
796,551,Billing,4.81,1
797,780,Billing,2.13,1
798,200,Billing,0.8,1
799,406,Technical,5.6,1
800,76,Billing,3.9,0
801,303,Billing,11.85,0
802,170,General,0.51,0
803,137,Billing,0.77,0
804,707,Technical,0.71,1
805,404,Billing,4.72,0
806,707,General,0.62,1
807,861,Billing,0.21,0
808,894,General,19.63,1
809,438,Network,0.08,0
810,242,General,5.41,1
811,357,Billing,1.36,1
812,52,Network,5.53,0
813,510,Technical,2.43,1
814,647,General,6.96,1
815,473,General,7.82,1
816,280,Billing,0.03,0
817,857,Billing,0.24,0
818,760,Billing,0.86,0
819,215,Network,3.32,0
820,877,Network,6.58,0
821,208,General,1.85,0
822,553,Billing,2.8,1
823,841,Technical,0.63,1
824,880,Technical,4.9,1
825,311,Technical,10.26,0
826,884,Billing,0.94,0
827,167,General,2.05,0
828,677,Network,0.27,0
829,742,Network,2.46,1
830,64,Billing,2.1,1
831,845,General,0.47,0
832,896,Technical,1.75,1
833,242,Billing,1.22,0
834,962,Network,2.21,0
835,783,Billing,2.64,0
836,861,General,0.03,1
837,890,Technical,4.29,0
838,480,Network,3.74,1
839,218,General,1.37,1
840,697,Network,0.16,1
841,668,Network,4.22,0
842,788,General,9.31,1
843,157,Network,0.82,1
844,410,General,1.17,1
845,972,General,0.61,0
846,944,Billing,2.58,1
847,902,Billing,0.5,1
848,647,Billing,1.32,0
849,274,General,3.58,0
850,161,Billing,2.46,1
851,863,Technical,1.47,1
852,202,Technical,1.64,1
853,879,Technical,2.48,1
854,876,Billing,0.02,1
855,189,General,0.25,1
856,912,Network,6.39,0
857,710,Billing,0.24,0
858,614,General,3.68,0
859,92,Technical,7.58,0
860,535,Billing,0.95,0
861,98,Technical,1.39,1
862,45,Technical,2.52,0
863,658,Network,6.4,1
864,292,General,8.54,0
865,548,Network,4.04,0
866,531,Technical,0.27,1
867,239,Network,3.32,0
868,747,Technical,1.58,0
869,326,Technical,1.91,0
870,487,General,0.15,0
871,777,Technical,0.64,0
872,676,Network,4.69,1
873,721,Billing,1.82,1
874,468,Technical,1.08,1
875,276,Technical,1.45,0
876,409,Technical,5.78,0
877,736,Technical,4.15,0
878,584,Technical,0.95,0
879,257,General,0.37,0
880,354,Network,0.87,1
881,603,General,7.61,0
882,149,Network,2.61,1
883,280,General,2.29,1
884,387,Technical,2.72,1
885,646,General,1.37,0
886,636,Network,4.94,0
887,363,General,2.22,0
888,980,General,0.37,1
889,546,Billing,0.41,0
890,279,Technical,2.31,1
891,859,Network,8.27,0
892,678,General,1.11,1
893,736,General,6.11,1
894,776,Network,4.33,0
895,324,Network,0.85,1
896,147,Network,0.11,1
897,618,Network,0.32,0
898,441,Technical,3.91,1
899,139,Network,0.67,0
900,397,Billing,1.39,1
901,812,General,2.09,1
902,665,General,3.88,1
903,464,Network,0.36,0
904,199,General,1.56,0
905,241,Technical,1.99,1
906,333,Network,2.33,1
907,701,Billing,5.12,1
908,500,Network,0.57,0
909,535,Billing,4.95,0
910,850,Network,3.54,1
911,163,General,2.43,0
912,145,Billing,3.61,1
913,212,General,1.59,0
914,317,Billing,0.45,0
915,434,Technical,3.29,1
916,51,General,2.23,1
917,666,Network,3.06,0
918,962,General,1.24,1
919,661,Network,7.12,1
920,697,Network,2.66,0
921,286,Billing,0.27,1
922,398,Technical,1.79,1
923,283,Network,4.24,1
924,292,General,4.74,1
925,199,General,2.05,0
926,451,Billing,6.75,1
927,675,General,0.93,1
928,684,Technical,1.59,1
929,631,Network,6.87,1
930,845,Billing,6.8,0
931,424,Network,3.47,1
932,137,Network,5.88,1
933,647,Network,0.28,0
934,336,Technical,6.01,0
935,84,Network,1.16,0
936,153,General,0.59,0
937,850,Technical,0.82,1
938,21,Billing,1.62,0
939,315,Network,0.87,0
940,780,General,1.16,0
941,502,Technical,0.44,0
942,35,Technical,1.05,1
943,83,General,2.55,0
944,150,Billing,1.75,0
945,423,Billing,1.28,1
946,640,Network,4.12,0
947,927,Billing,6.72,1
948,713,Network,4.24,0
949,8,Technical,1.21,0
950,613,Network,4.09,1
951,312,General,0.49,0
952,518,Billing,0.42,0
953,227,Billing,1.27,1
954,596,Network,4.95,0
955,863,Network,0.85,1
956,625,Billing,0.2,1
957,284,General,0.42,1
958,107,Network,5.87,1
959,47,Technical,3.01,1
960,64,Network,0.88,0
961,825,General,2.43,0
962,855,Billing,2.25,0
963,842,Billing,3.2,0
964,167,Network,0.8,0
965,469,Technical,5.99,0
966,599,Network,1.11,1
967,394,General,3.55,1
968,986,General,0.05,0
969,1000,Network,1.4,1
970,711,Billing,1.3,0
971,914,Technical,2.35,0
972,650,Technical,0.23,1
973,79,Technical,4.68,1
974,692,Technical,0.74,1
975,679,General,3.39,1
976,513,Network,4.88,1
977,780,Billing,2.48,0
978,419,General,4.05,1
979,489,Technical,3.25,0
980,317,Technical,1.32,0
981,113,General,4.96,1
982,951,Technical,1.05,1
983,370,Network,2.54,1
984,286,General,4.1,1
985,738,Network,1.43,0
986,455,Technical,1.08,1
987,455,Technical,1.84,1
988,89,Network,5.11,0
989,386,Technical,7.97,1
990,982,Technical,2.36,1
991,857,General,3.25,0
992,444,General,7.01,0
993,850,Network,0.31,0
994,496,General,0.79,1
995,400,General,3.7,0
996,376,Technical,5.21,1
997,772,General,5.84,0
998,447,General,1.61,0
999,681,Billing,0.28,0
1000,170,Network,1.73,1
1001,375,General,0.79,1
1002,6,Network,1.03,0
1003,854,General,4.44,0
1004,330,Network,0.24,0
1005,884,Network,5.27,0
1006,799,Network,1.67,1
1007,864,Technical,2.72,1
1008,630,General,0.28,1
1009,290,Technical,1.23,0
1010,998,Network,0.28,0
1011,421,General,9.77,0
1012,391,Network,4.94,1
1013,317,Network,1.85,0
1014,746,Billing,0.76,1
1015,112,Network,8.13,1
1016,51,Billing,1.27,1
1017,42,Network,0.53,1
1018,656,Network,2.48,1
1019,846,Billing,8.64,0
1020,312,General,0.01,1
1021,561,Network,0.82,0
1022,638,General,8.36,0
1023,367,Technical,0.56,1
1024,546,Billing,0.36,1
1025,215,Billing,2.53,1
1026,382,Network,5.94,0
1027,24,Network,1.95,1
1028,144,Network,15.64,0
1029,12,Technical,3.41,0
1030,961,Technical,0.23,1
1031,400,Billing,14.81,1
1032,145,Technical,1.57,1
1033,562,General,1.02,1
1034,871,Technical,2.45,0
1035,638,Network,1.09,0
1036,713,Network,0.27,0
1037,44,General,0.0,0
1038,580,Billing,1.79,0
1039,482,Billing,5.44,0
1040,519,Technical,2.55,1
1041,629,General,21.42,1
1042,219,Billing,1.01,1
1043,852,Billing,0.99,0
1044,770,Technical,0.52,1
1045,408,Technical,0.54,0
1046,35,Network,1.01,0
1047,944,Technical,4.72,1
1048,996,Technical,7.09,0
1049,734,Network,11.08,1
1050,668,Technical,0.79,0
1051,545,General,6.39,0
1052,153,Network,1.19,0
1053,250,Billing,0.36,0
1054,642,General,6.12,1
1055,566,Technical,3.03,1
1056,594,Billing,0.54,0
1057,342,Billing,1.69,1
1058,372,Technical,1.02,1
1059,914,Network,4.0,0
1060,5,General,1.81,1
1061,142,Network,13.61,1
1062,102,Technical,0.17,0
1063,320,Billing,1.32,0
1064,512,Technical,1.97,0
1065,77,Billing,2.1,1
1066,36,Technical,1.14,1
1067,329,Billing,3.92,1
1068,834,Billing,6.23,1
1069,747,Billing,8.38,1
1070,19,General,4.91,1
1071,410,Technical,5.7,0
1072,323,General,2.4,0
1073,506,Technical,5.24,0
1074,949,Billing,1.09,0
1075,957,Technical,1.52,0
1076,968,Technical,1.14,1
1077,720,Technical,1.89,1
1078,443,Billing,1.01,1
1079,627,Network,9.78,0
1080,696,Billing,1.13,1
1081,117,Technical,0.31,1
1082,363,Network,2.24,1
1083,326,Billing,0.18,0
1084,213,Technical,0.35,0
1085,963,Technical,0.74,0
1086,590,General,1.87,1
1087,428,Technical,1.7,1
1088,230,General,4.82,1
1089,796,Technical,4.04,1
1090,854,Billing,1.67,0
1091,322,Technical,1.22,0
1092,133,Billing,1.14,1
1093,172,Technical,4.46,0
1094,762,Billing,0.16,1
1095,259,Network,0.04,1
1096,225,Billing,4.76,1
1097,583,Network,1.95,1
1098,801,Network,0.42,1
1099,642,Network,0.81,1
1100,533,Network,8.09,1
1101,562,Network,5.89,1
1102,967,General,3.71,1
1103,349,Technical,1.97,1
1104,77,Billing,2.2,0
1105,239,General,11.1,1
1106,840,General,10.12,1
1107,273,Technical,0.73,0
1108,279,Technical,5.0,1
1109,434,General,0.66,0
1110,125,Billing,0.72,0
1111,552,General,3.38,1
1112,1,Technical,1.56,0
1113,704,Technical,8.04,0
1114,559,Network,0.28,0
1115,236,General,2.15,0
1116,65,Billing,7.52,0
1117,644,Technical,7.03,0
1118,295,Network,0.51,1
1119,44,Technical,1.37,1
1120,654,General,2.9,0
1121,676,General,0.52,1
1122,991,Network,10.33,1
1123,907,Billing,7.39,1
1124,698,Billing,0.55,0
1125,451,Technical,0.39,1
1126,92,Network,0.27,1
1127,199,Technical,7.21,0
1128,980,Network,0.65,0
1129,506,Network,1.62,1
1130,633,Billing,1.79,0
1131,363,Technical,2.74,1
1132,900,Billing,0.22,0
1133,608,Technical,0.77,0
1134,687,General,8.04,0
1135,636,Technical,7.17,0
1136,209,Billing,4.56,0
1137,446,General,0.06,1
1138,776,General,1.19,1
1139,809,Billing,2.97,0
1140,441,Network,0.97,1
1141,788,Technical,7.21,1
1142,871,Technical,3.01,1
1143,134,Network,0.22,1
1144,544,General,7.19,1
1145,759,Network,9.49,1
1146,760,Network,0.24,0
1147,502,Technical,2.28,1
1148,322,Network,1.08,1
1149,319,Network,1.5,1
1150,724,Billing,0.59,0
1151,21,Network,2.59,1
1152,335,General,9.51,1
1153,681,Network,2.1,0
1154,62,General,0.26,0
1155,364,Technical,2.9,1
1156,312,Technical,1.25,1
1157,900,Billing,5.81,1
1158,783,Technical,1.71,1
1159,298,Billing,0.64,1
1160,153,General,0.64,0
1161,505,Technical,4.39,0
1162,189,Billing,0.93,1
1163,685,Network,4.37,0
1164,536,General,0.69,1
1165,154,General,1.16,0
1166,636,General,1.88,0
1167,843,Billing,8.6,0
1168,705,Network,8.05,0
1169,115,Network,0.7,0
1170,267,General,1.33,1
1171,156,Technical,0.49,0
1172,207,General,2.14,0
1173,108,Technical,1.85,1
1174,358,Technical,6.93,0
1175,976,General,7.98,1
1176,614,General,1.45,0
1177,822,General,2.03,0
1178,932,Billing,6.8,1
1179,159,Technical,4.93,1
1180,902,General,0.01,0
1181,1,Technical,1.16,0
1182,805,Technical,1.64,1
1183,937,General,0.78,1
1184,966,Technical,0.67,1
1185,635,Technical,0.12,1
1186,671,Billing,3.09,0
1187,213,General,0.91,0
1188,310,Billing,0.16,0
1189,126,Network,0.79,0
1190,764,General,4.86,0
1191,332,Technical,5.72,0
1192,197,Network,1.98,0
1193,513,General,1.61,0
1194,872,Billing,11.43,0
1195,894,Network,0.67,1
1196,758,Technical,0.73,1
1197,444,General,1.04,0
1198,310,General,0.57,0
1199,980,Billing,1.43,0
1200,918,Technical,7.25,0
1201,726,General,2.87,0
1202,306,Network,1.59,0
1203,948,Billing,8.17,1
1204,106,General,0.15,0
1205,418,General,0.71,0
1206,547,Network,2.5,0
1207,803,Technical,2.87,0
1208,231,General,0.12,1
1209,764,Network,1.55,1
1210,56,Billing,3.14,1
1211,130,General,3.59,1
1212,98,Billing,3.05,1
1213,993,Billing,1.16,0
1214,862,Technical,0.29,1
1215,345,Network,1.67,1
1216,779,General,0.41,0
1217,349,Network,8.85,1
1218,309,General,1.93,1
1219,723,Network,1.14,1
1220,687,Billing,4.36,1
1221,267,Technical,2.07,0
1222,309,Network,1.11,0
1223,576,General,5.01,0
1224,913,Network,6.06,0
1225,243,Network,3.35,1
1226,577,Technical,0.14,1
1227,99,Network,2.51,0
1228,359,Billing,4.32,1
1229,477,General,0.44,0
1230,45,Billing,0.78,1
1231,438,Network,6.42,0
1232,305,General,0.06,1
1233,601,Billing,4.19,1
1234,493,General,1.93,0
1235,786,Technical,1.78,1
1236,131,General,0.02,1
1237,916,Billing,5.13,0
1238,488,Billing,1.34,1
1239,111,Billing,2.33,1
1240,111,Technical,3.39,0
1241,888,Network,3.64,1
1242,742,General,9.37,0
1243,666,General,2.27,0
1244,857,Billing,1.53,1
1245,225,Network,9.22,1
1246,482,Technical,3.08,0
1247,615,Network,1.06,0
1248,938,General,0.41,1
1249,585,Network,5.55,1
1250,369,Billing,1.35,0
1251,971,Technical,3.24,0
1252,480,Billing,1.91,1
1253,763,Technical,0.67,1
1254,353,General,2.76,0
1255,853,Technical,0.19,1
1256,446,Network,1.6,0
1257,797,Network,2.37,0
1258,664,General,1.72,0
1259,998,Technical,4.14,0
1260,774,Network,5.28,1
1261,831,Network,4.43,1
1262,801,General,0.12,0
1263,199,General,0.65,1
1264,907,Billing,2.31,0
1265,887,Technical,8.19,0
1266,433,Technical,5.4,0
1267,318,General,5.55,0
1268,481,Network,1.08,1
1269,476,Network,1.68,0
1270,971,Technical,1.91,0
1271,45,Billing,0.51,0
1272,115,Network,0.09,1
1273,862,General,8.81,0
1274,899,Billing,0.83,1
1275,360,Technical,0.82,1
1276,937,Network,0.26,1
1277,646,General,7.91,0
1278,164,Billing,2.6,0
1279,740,Technical,3.3,0
1280,947,Billing,7.28,0
1281,101,Billing,1.27,1
1282,510,Network,2.91,1
1283,246,Network,0.12,0
1284,684,Billing,0.62,0
1285,195,General,5.34,0
1286,226,General,4.37,0
1287,914,Network,1.3,1
1288,418,General,1.42,1
1289,969,Technical,2.29,0
1290,657,Technical,0.0,1
1291,502,Technical,0.83,1
1292,161,Billing,0.7,0
1293,357,Billing,0.86,0
1294,585,Billing,4.92,1
1295,214,Billing,0.98,1
1296,799,Technical,0.64,0
1297,401,Billing,2.11,0
1298,187,Technical,6.02,1
1299,581,General,0.83,0
1300,337,General,0.25,1
1301,603,Technical,1.32,1
1302,853,Billing,4.13,1
1303,377,Technical,2.4,0
1304,672,Network,5.09,0
1305,171,General,9.63,0
1306,466,Network,4.72,1
1307,829,Billing,2.78,0
1308,968,General,2.04,1
1309,461,Network,0.12,1
1310,42,Technical,12.47,0
1311,752,General,1.45,0
1312,211,Network,0.5,0
1313,985,Billing,3.3,0
1314,278,Technical,1.0,1
1315,964,Network,2.64,0
1316,193,Billing,2.65,0
1317,246,Network,1.77,1
1318,159,Network,5.43,0
1319,443,General,0.92,1
1320,427,Network,1.79,1
1321,437,Technical,2.31,1
1322,54,Technical,3.27,1
1323,401,Billing,4.6,0
1324,33,Technical,1.51,1
1325,94,General,3.12,0
1326,512,General,0.49,1
1327,461,Technical,8.09,0
1328,489,Billing,1.45,0
1329,713,General,3.92,0
1330,408,Billing,0.06,0
1331,976,Technical,0.69,1
1332,871,Billing,2.0,0
1333,852,General,6.32,1
1334,137,General,2.25,0
1335,101,Technical,7.97,0
1336,192,Technical,1.98,1
1337,1000,General,2.02,1
1338,298,Billing,0.38,0
1339,132,Technical,4.87,0
1340,552,Technical,0.85,1
1341,498,Billing,6.9,1
1342,133,Technical,7.25,0
1343,756,General,8.61,1
1344,707,General,2.2,1
1345,921,General,3.39,1
1346,979,Network,4.52,1
1347,531,Technical,0.42,0
1348,700,Technical,2.76,1
1349,283,Technical,0.1,1
1350,277,Technical,2.06,1
1351,8,Billing,0.5,1
1352,974,General,0.61,0
1353,293,Billing,1.36,1
1354,221,General,1.7,1
1355,314,Technical,2.93,1
1356,311,Billing,0.23,1
1357,215,Technical,2.1,1
1358,687,General,0.6,0
1359,464,Network,2.56,1
1360,514,Network,3.04,1
1361,321,General,2.44,0
1362,537,Billing,4.02,1
1363,909,Billing,1.23,1
1364,514,Billing,4.35,0
1365,284,Billing,1.7,1
1366,18,Technical,1.99,1
1367,399,Technical,3.13,0
1368,54,Network,0.06,0
1369,417,Network,3.18,0
1370,433,Billing,2.89,0
1371,203,General,1.11,1
1372,849,Billing,0.27,1
1373,862,Network,0.29,0
1374,770,Billing,7.7,1
1375,622,Network,3.51,1
1376,41,Network,0.41,1
1377,53,General,1.32,0
1378,149,Network,2.69,0
1379,938,Technical,5.42,0
1380,278,Billing,0.13,0
1381,540,General,0.81,0
1382,636,Network,6.61,1
1383,36,General,0.03,0
1384,861,Technical,0.67,1
1385,60,Network,9.58,1
1386,319,Technical,2.85,0
1387,767,Network,0.91,0
1388,605,General,0.21,0
1389,493,Billing,0.09,0
1390,237,Network,0.84,1
1391,496,Billing,6.4,1
1392,421,General,1.61,1
1393,734,Billing,3.82,0
1394,326,Network,7.51,1
1395,865,General,1.57,0
1396,603,Technical,0.64,1
1397,501,Network,2.18,0
1398,242,Network,7.16,1
1399,185,Network,4.89,0
1400,464,General,0.2,0
1401,25,Network,3.54,0
1402,432,Technical,2.55,0
1403,517,Network,7.14,1
1404,623,Technical,0.39,0
1405,600,Technical,2.29,1
1406,389,Technical,6.35,0
1407,908,Network,1.58,0
1408,902,Network,1.97,1
1409,852,Technical,0.22,0
1410,280,Billing,0.98,0
1411,11,Billing,1.18,1
1412,853,General,8.71,0
1413,125,Network,1.0,1
1414,554,Technical,1.85,1
1415,87,Technical,3.34,1
1416,295,Technical,0.53,0
1417,225,Technical,2.0,0
1418,81,General,4.02,1
1419,845,Technical,6.05,0
1420,283,Network,2.95,1
1421,502,Billing,3.32,1
1422,408,Billing,0.4,1
1423,298,Technical,8.74,1
1424,333,Billing,0.43,0
1425,693,Network,4.47,0
1426,742,Billing,0.92,1
1427,305,Billing,8.14,1
1428,570,Technical,3.82,1
1429,732,Network,4.21,0
1430,535,Network,0.74,1
1431,459,Network,1.76,1
1432,239,Billing,2.89,1
1433,834,General,4.41,1
1434,941,Network,0.33,1
1435,525,Technical,9.84,0
1436,271,Network,6.63,1
1437,735,Technical,0.95,0
1438,378,Technical,5.19,1
1439,877,Network,2.19,0
1440,203,Network,1.86,1
1441,148,Technical,1.13,0
1442,187,Network,2.61,1
1443,839,Billing,3.93,0
1444,344,Billing,1.59,0
1445,420,Billing,2.98,1
1446,330,Billing,3.61,0
1447,412,General,3.73,1
1448,611,Billing,0.16,1
1449,542,Billing,5.89,0
1450,218,General,1.84,1
1451,553,Technical,0.91,0
1452,170,General,0.83,0
1453,650,Network,1.98,0
1454,556,General,6.54,1
1455,484,Billing,1.43,0
1456,567,General,4.16,1
1457,650,Network,0.31,0
1458,356,General,1.94,0
1459,660,Network,14.37,0
1460,378,Network,4.41,0
1461,733,Billing,0.71,1
1462,614,General,2.09,0
1463,37,Technical,0.8,0
1464,552,Billing,1.58,1
1465,73,Network,4.54,0
1466,528,Billing,4.43,0
1467,335,Network,0.78,1
1468,960,Billing,7.66,1
1469,841,Network,2.69,1
1470,183,Network,1.43,0
1471,749,Network,2.09,0
1472,747,Billing,2.79,1
1473,298,Technical,2.46,0
1474,461,Technical,2.0,0
1475,936,General,2.11,0
1476,528,Network,0.58,1
1477,751,Billing,5.03,0
1478,598,Billing,2.34,1
1479,546,Network,0.42,1
1480,539,Billing,4.36,1
1481,627,Billing,8.08,0
1482,623,General,8.83,1
1483,84,General,1.38,1
1484,263,General,0.44,1
1485,337,Technical,2.19,1
1486,215,Billing,0.36,1
1487,24,Network,8.15,1
1488,485,Billing,0.61,0
1489,121,Network,0.87,0
1490,88,Billing,1.57,1
1491,160,Technical,1.45,0
1492,130,Billing,4.75,0
1493,749,Network,1.83,0
1494,995,Network,0.56,0
1495,158,Technical,0.93,0
1496,566,Billing,2.13,1
1497,704,Billing,0.48,0
1498,904,Billing,2.84,1
1499,8,Network,2.5,0
1500,934,General,3.76,1
1501,376,Billing,8.33,0
1502,745,Billing,7.3,1
1503,389,Billing,8.76,0
1504,978,General,0.84,0
1505,39,Network,0.42,1
1506,379,Network,1.08,0
1507,787,Network,6.76,0
1508,566,Network,10.73,0
1509,459,Technical,5.88,1
1510,422,Billing,0.35,1
1511,324,Billing,8.84,0
1512,334,Technical,1.65,1
1513,184,Technical,0.03,1
1514,356,Network,1.75,0
1515,179,General,0.14,1
1516,599,Technical,2.35,0
1517,246,Network,1.24,0
1518,675,Billing,1.92,1
1519,999,Technical,2.85,1
1520,333,Technical,6.09,0
1521,7,Billing,3.25,1
1522,249,Network,1.71,0
1523,614,General,5.13,0
1524,399,Billing,7.08,0
1525,993,General,0.38,0
1526,235,Network,2.28,0
1527,568,Billing,1.0,0
1528,647,Billing,0.14,0
1529,517,Technical,3.31,0
1530,649,Technical,5.96,1
1531,746,Technical,0.53,0
1532,567,Network,5.02,0
1533,484,General,5.76,0
1534,602,General,7.37,0
1535,998,Technical,0.92,1
1536,993,General,7.03,0
1537,318,Network,1.16,0
1538,268,Network,2.41,1
1539,498,General,0.16,1
1540,993,General,0.13,1
1541,785,Technical,3.82,0
1542,103,Technical,1.76,0
1543,245,Network,0.89,0
1544,547,Technical,0.63,0
1545,587,Billing,3.33,1
1546,541,General,0.0,0
1547,73,Network,4.92,1
1548,350,Billing,0.25,1
1549,258,Network,0.64,0
1550,56,Network,1.46,0
1551,248,Technical,1.99,0
1552,460,Billing,1.32,1
1553,129,General,1.16,1
1554,72,Billing,9.97,0
1555,550,General,3.08,0
1556,878,General,0.07,0
1557,892,Technical,1.69,1
1558,164,Technical,6.24,0
1559,327,Billing,1.08,1
1560,908,General,0.3,0
1561,689,Technical,4.26,1
1562,19,Billing,2.79,1
1563,874,Network,2.53,0
1564,513,General,0.17,0
1565,706,Network,0.45,1
1566,620,Billing,2.92,1
1567,362,Network,0.7,1
1568,525,Network,2.1,0
1569,857,General,2.36,1
1570,986,Network,1.0,0
1571,267,Network,8.89,0
1572,169,Technical,5.54,0
1573,578,Technical,3.84,1
1574,800,Technical,0.24,0
1575,951,Network,0.34,0
1576,512,Technical,2.04,1
1577,554,Technical,0.53,1
1578,970,General,11.49,0
1579,759,Network,0.52,0
1580,630,Technical,2.01,1
1581,904,Network,1.36,1
1582,279,Technical,3.06,0
1583,95,Billing,0.41,0
1584,50,Technical,1.69,1
1585,100,Network,0.96,1
1586,830,Network,6.56,0
1587,606,General,0.12,1
1588,840,Technical,7.35,0
1589,145,Billing,5.37,0
1590,35,General,1.06,1
1591,567,Technical,4.67,0
1592,65,General,0.1,1
1593,84,Network,10.22,1
1594,327,Billing,2.24,1
1595,839,Network,1.08,1
1596,420,Billing,1.35,0
1597,281,Technical,0.21,1
1598,925,Network,13.63,1
1599,440,General,0.12,0
1600,599,General,3.19,1
1601,320,General,1.75,0
1602,505,Technical,8.92,0
1603,56,Billing,0.85,1
1604,816,Network,2.28,1
1605,985,General,1.98,0
1606,961,Billing,3.64,0
1607,951,Billing,0.21,0
1608,326,Technical,0.65,0
1609,849,Network,0.72,0
1610,649,General,4.02,1
1611,39,General,0.63,0
1612,585,Billing,2.56,0
1613,108,Billing,0.73,1
1614,679,Technical,5.93,0
1615,38,General,8.55,1
1616,927,Technical,2.19,0
1617,111,Network,1.3,1
1618,945,General,0.8,1
1619,375,General,0.15,0
1620,738,Billing,0.94,0
1621,946,General,3.19,0
1622,535,Network,2.29,1
1623,442,Technical,8.65,1
1624,554,Billing,1.51,0
1625,778,General,3.55,0
1626,713,Network,2.02,0
1627,585,Technical,2.16,0
1628,109,Technical,0.93,0
1629,759,Billing,1.82,1
1630,690,Network,1.91,1
1631,720,General,3.68,0
1632,408,Technical,8.47,1
1633,824,Technical,1.2,0
1634,234,Technical,0.13,1
1635,566,General,2.06,1
1636,626,Billing,2.36,1
1637,849,Technical,0.55,0
1638,457,Billing,4.29,0
1639,918,Network,12.58,0
1640,414,Billing,8.74,0
1641,731,Billing,0.66,0
1642,420,Network,6.25,0
1643,28,Billing,3.66,1
1644,561,Billing,1.81,0
1645,876,Billing,2.33,1
1646,248,Technical,5.68,0
1647,844,Technical,1.96,0
1648,70,Network,1.4,1
1649,424,General,2.04,1
1650,452,Technical,2.6,0
1651,101,Billing,0.63,1
1652,503,Technical,6.94,0
1653,605,Technical,3.36,0
1654,728,General,3.01,0
1655,439,Billing,0.31,0
1656,158,Technical,2.78,0
1657,356,Billing,0.39,1
1658,810,Billing,0.25,1
1659,968,General,2.25,1
1660,693,Billing,1.55,0
1661,79,Network,2.67,1
1662,151,General,0.28,1
1663,603,Technical,1.69,0
1664,723,Network,0.58,1
1665,968,Billing,13.05,0
1666,806,General,2.47,0
1667,800,Billing,3.49,1
1668,286,Technical,1.18,0
1669,139,Billing,0.3,0
1670,3,Network,11.17,0
1671,567,General,1.01,1
1672,676,Network,1.65,1
1673,222,General,3.15,0
1674,933,Network,0.08,1
1675,378,Billing,4.99,1
1676,852,Technical,2.31,0
1677,38,General,0.98,1
1678,30,Technical,0.19,0
1679,611,General,0.53,0
1680,43,General,6.76,1
1681,446,Billing,3.48,0
1682,524,Billing,0.86,1
1683,781,General,0.2,0
1684,633,Billing,3.52,1
1685,591,Technical,2.55,0
1686,853,Billing,1.56,0
1687,663,Technical,1.36,1
1688,374,Network,0.73,0
1689,528,General,3.32,0
1690,185,Billing,10.59,1
1691,875,Technical,0.58,1
1692,783,Technical,2.73,0
1693,674,Network,1.66,1
1694,423,General,1.78,0
1695,609,General,0.88,1
1696,253,General,5.23,1
1697,579,General,1.99,0
1698,538,Billing,2.35,0
1699,31,Network,1.09,0
1700,133,General,0.6,1
1701,21,Billing,0.27,1
1702,688,Technical,3.76,1
1703,659,Technical,0.66,0
1704,310,General,3.51,0
1705,476,Technical,1.48,0
1706,44,Billing,1.61,1
1707,108,Network,1.9,0
1708,151,Billing,1.38,0
1709,158,Billing,0.32,1
1710,104,Billing,1.11,0
1711,721,Technical,3.27,0
1712,121,Billing,3.29,0
1713,808,Technical,1.01,0
1714,669,Billing,1.85,0
1715,111,General,0.64,0
1716,587,Technical,0.71,1
1717,786,Technical,0.07,0
1718,826,Technical,6.81,1
1719,342,Network,0.71,0
1720,961,Billing,0.77,1
1721,18,Technical,0.98,0
1722,908,Billing,0.41,1
1723,237,Billing,3.06,0
1724,861,Billing,0.23,0
1725,985,Technical,0.43,1
1726,856,Billing,3.1,1
1727,307,Network,1.25,1
1728,720,Billing,3.69,1
1729,76,General,2.45,1
1730,558,General,0.89,1
1731,238,Network,3.16,0
1732,833,General,0.37,0
1733,684,Billing,2.31,0
1734,980,Billing,1.72,1
1735,146,Network,0.94,0
1736,800,Network,2.78,1
1737,268,Billing,6.15,1
1738,555,Billing,20.45,1
1739,512,General,2.81,1
1740,929,Network,1.56,0
1741,681,Billing,0.77,0
1742,949,Billing,0.89,0
1743,872,General,1.96,0
1744,733,Billing,1.37,0
1745,308,Network,7.35,1
1746,153,Technical,1.38,1
1747,957,Technical,1.4,1
1748,183,Network,1.45,0
1749,322,General,5.44,0
1750,288,General,3.16,0
1751,627,Network,2.86,0
1752,453,Billing,1.22,1
1753,902,Billing,5.11,1
1754,831,General,0.12,1
1755,889,Technical,6.14,0
1756,821,General,2.16,0
1757,945,General,1.52,0
1758,563,Network,2.06,1
1759,94,Technical,3.3,0
1760,45,Network,0.04,0
1761,581,General,6.16,0
1762,158,Network,1.78,0
1763,702,Technical,1.26,0
1764,279,Technical,0.45,1
1765,841,Network,1.74,0
1766,473,Technical,2.06,1
1767,810,Technical,1.55,0
1768,187,General,3.41,0
1769,594,Technical,1.64,0
1770,357,General,9.76,1
1771,85,Network,2.74,0
1772,923,Billing,4.94,0
1773,169,Billing,0.35,0
1774,161,General,1.52,1
1775,415,Billing,1.23,1
1776,909,Network,2.53,1
1777,550,Network,5.92,1
1778,954,Technical,0.24,0
1779,333,Technical,0.23,1
1780,564,Network,5.7,0
1781,481,Technical,0.72,1
1782,476,Network,3.31,0
1783,501,Technical,2.35,1
1784,657,Technical,5.37,1
1785,522,Billing,0.4,0
1786,274,Technical,0.42,1
1787,758,Technical,2.44,1
1788,217,Technical,8.78,1
1789,750,Technical,1.61,0
1790,929,Billing,1.19,0
1791,844,Billing,2.8,0
1792,100,Technical,8.0,1
1793,45,Network,5.44,1
1794,57,Billing,16.2,0
1795,479,Technical,0.07,0
1796,35,Network,0.36,0
1797,233,Billing,2.82,1
1798,586,Technical,5.15,1
1799,123,Network,1.01,0
1800,919,Technical,0.82,1
1801,202,Billing,4.64,0
1802,396,Network,0.17,0
1803,241,Billing,1.38,0
1804,819,Technical,2.11,1
1805,939,General,2.47,0
1806,172,Technical,3.91,1
1807,275,Technical,1.31,1
1808,828,Billing,2.85,0
1809,832,Network,2.64,1
1810,716,Billing,2.38,1
1811,921,Billing,3.07,0
1812,797,Billing,0.9,1
1813,793,General,0.27,1
1814,979,Network,0.38,1
1815,472,Technical,0.76,1
1816,698,Technical,2.08,0
1817,479,Network,5.51,1
1818,137,Billing,3.62,1
1819,553,Billing,4.67,0
1820,569,Billing,1.3,0
1821,781,Billing,1.56,1
1822,586,Billing,1.5,0
1823,672,General,0.64,0
1824,804,Network,0.19,0
1825,467,General,2.68,0
1826,23,Technical,13.59,0
1827,612,General,0.55,0
1828,363,General,0.14,1
1829,822,Technical,4.54,0
1830,901,Technical,0.87,0
1831,130,General,5.31,1
1832,628,General,3.65,1
1833,697,General,8.74,1
1834,312,Network,1.58,1
1835,576,Technical,3.25,0
1836,103,Billing,1.88,0
1837,235,General,2.99,0
1838,183,Network,1.79,1
1839,350,Billing,0.63,0
1840,639,Billing,2.13,0
1841,868,Billing,2.26,0
1842,770,Network,4.99,1
1843,397,General,3.99,0
1844,587,Billing,3.27,1
1845,110,Network,0.36,1
1846,607,General,3.83,0
1847,560,General,2.08,1
1848,601,Network,6.74,1
1849,907,General,7.57,1
1850,302,Network,0.17,0
1851,186,Technical,5.16,0
1852,821,General,0.12,1
1853,506,Billing,1.37,0
1854,543,Billing,2.34,1
1855,891,Technical,0.48,0
1856,626,General,4.11,1
1857,434,General,0.03,1
1858,390,Network,0.55,0
1859,409,General,2.61,1
1860,451,Network,3.76,1
1861,703,Network,7.45,1
1862,667,Network,3.67,0
1863,367,Technical,3.34,1
1864,690,Billing,1.5,0
1865,573,Network,0.0,0
1866,798,General,0.38,1
1867,920,Network,2.29,1
1868,462,Network,3.37,0
1869,768,Billing,1.62,0
1870,197,Billing,3.94,1
1871,757,Network,2.21,0
1872,285,General,0.23,0
1873,179,Billing,0.64,0
1874,256,General,5.5,0
1875,447,Network,3.87,1
1876,228,General,6.75,0
1877,158,Network,0.38,1
1878,540,Billing,13.88,0
1879,122,General,0.7,0
1880,949,Technical,0.04,1
1881,641,Billing,17.88,1
1882,936,Network,0.99,0
1883,552,Billing,3.31,0
1884,810,Network,0.58,0
1885,876,Network,2.6,0
1886,58,Technical,7.03,0
1887,782,Network,1.16,0
1888,204,General,3.33,0
1889,382,Technical,0.62,0
1890,670,Billing,2.94,0
1891,504,Billing,1.23,1
1892,874,Billing,0.71,1
1893,633,Network,1.13,0
1894,156,Billing,0.59,0
1895,272,Technical,6.97,0
1896,706,General,1.52,1
1897,147,Technical,0.84,1
1898,375,Network,1.78,0
1899,43,General,1.16,1
1900,45,Network,4.09,1
1901,915,Billing,10.64,1
1902,267,General,1.73,0
1903,976,General,5.92,0
1904,87,Billing,2.5,1
1905,638,Network,0.51,1
1906,541,Billing,3.52,1
1907,155,Network,2.16,1
1908,950,Technical,3.15,1
1909,348,Network,6.61,0
1910,123,Technical,1.74,1
1911,488,Billing,6.94,1
1912,870,Billing,4.17,1
1913,220,Billing,2.01,1
1914,988,Billing,2.77,1
1915,415,Billing,1.18,0
1916,336,Technical,12.33,1
1917,383,Billing,3.3,0
1918,666,Network,0.13,0
1919,856,General,1.19,0
1920,77,Technical,2.93,0
1921,747,Technical,0.17,0
1922,506,Technical,0.07,1
1923,73,Network,1.79,0
1924,65,Billing,1.21,1
1925,410,General,1.73,1
1926,769,Network,0.91,0
1927,854,Technical,0.54,0
1928,937,Billing,3.51,1
1929,133,General,2.17,0
1930,305,Technical,0.67,0
1931,116,General,1.16,1
1932,59,General,2.69,1
1933,889,Network,0.22,0
1934,977,Technical,0.48,0
1935,560,Technical,0.23,0
1936,779,Billing,5.02,1
1937,479,Network,4.19,1
1938,478,Network,4.2,0
1939,685,General,3.78,0
1940,574,General,3.32,1
1941,577,Network,1.94,0
1942,737,Billing,3.08,1
1943,85,Technical,0.12,1
1944,786,Network,2.91,1
1945,367,Billing,4.51,0
1946,553,Technical,2.08,1
1947,701,Network,1.33,0
1948,110,General,0.97,0
1949,622,General,3.09,1
1950,760,Technical,3.54,0
1951,282,Network,6.14,1
1952,768,Network,1.26,0
1953,743,Technical,4.41,0
1954,236,General,2.47,0
1955,448,General,6.43,0
1956,975,Technical,2.25,1
1957,843,General,2.19,0
1958,763,Billing,2.59,0
1959,591,Network,4.15,0
1960,404,General,10.03,1
1961,234,Technical,0.23,1
1962,938,Billing,0.16,0
1963,370,Billing,8.32,1
1964,532,Network,2.26,0
1965,382,General,2.86,0
1966,24,Technical,1.98,0
1967,948,Billing,0.3,0
1968,374,Network,4.38,1
1969,265,General,4.13,0
1970,259,Network,1.12,0
1971,658,Technical,1.1,0
1972,844,Network,5.46,1
1973,950,Network,0.23,0
1974,380,Technical,6.39,0
1975,109,Network,0.89,0
1976,616,Network,2.7,0
1977,218,General,8.25,0
1978,18,Technical,3.4,0
1979,715,General,1.61,0
1980,988,Technical,3.51,0
1981,903,Billing,1.26,0
1982,107,Billing,0.97,1
1983,56,General,17.13,1
1984,414,Network,4.17,1
1985,136,Network,3.1,1
1986,169,Billing,1.32,0
1987,5,General,0.15,0
1988,433,Billing,0.09,0
1989,539,Billing,2.42,0
1990,260,Technical,4.31,1
1991,748,Technical,2.31,0
1992,970,Network,5.51,1
1993,450,Technical,0.1,1
1994,357,General,1.37,0
1995,110,Technical,0.81,1
1996,807,Billing,1.78,0
1997,859,General,0.23,0
1998,889,Billing,9.25,1
1999,862,Billing,0.76,0
2000,782,Network,7.67,0
2001,548,General,1.66,1
2002,858,Technical,12.71,1
2003,166,General,2.42,0
2004,118,Technical,8.01,0
2005,859,Technical,0.02,1
2006,301,Network,4.14,0
2007,393,General,7.0,0
2008,556,Network,0.45,1
2009,907,Billing,0.3,1
2010,322,Network,1.66,1
2011,912,Billing,8.14,1
2012,351,Technical,2.35,1
2013,738,General,2.25,1
2014,893,Billing,0.46,1
2015,6,Network,0.0,0
2016,118,Billing,4.98,1
2017,600,Billing,0.27,0
2018,771,Network,3.01,0
2019,587,General,7.38,1
2020,653,Technical,0.7,1
2021,237,General,3.28,0
2022,804,Billing,0.25,1
2023,504,Billing,2.78,1
2024,904,Billing,0.54,1
2025,13,General,3.99,0
2026,335,Technical,1.08,0
2027,545,Technical,1.87,0
2028,901,Network,2.74,1
2029,271,Network,0.56,0
2030,919,Billing,4.06,0
2031,264,Billing,1.08,1
2032,916,Billing,3.26,1
2033,33,Network,0.52,1
2034,656,General,3.5,1
2035,133,General,0.41,0
2036,116,Technical,1.66,0
2037,69,Billing,0.85,0
2038,216,Network,4.14,0
2039,878,General,0.91,1
2040,744,Network,6.4,1
2041,277,Network,6.67,1
2042,908,Network,0.66,1
2043,679,Network,2.85,1
2044,853,Network,0.28,1
2045,816,General,1.49,0
2046,169,Network,3.75,0
2047,974,Billing,3.23,0
2048,566,General,2.94,1
2049,601,Technical,1.0,0
2050,694,Billing,1.42,0
2051,988,Network,0.33,1
2052,748,Billing,3.81,1
2053,795,Technical,2.1,0
2054,924,General,3.7,0
2055,777,Technical,0.86,0
2056,794,Technical,1.18,0
2057,534,Technical,1.22,1
2058,467,Technical,0.08,0
2059,757,Technical,1.25,0
2060,656,Technical,4.88,0
2061,590,General,6.83,1
2062,762,Network,2.19,1
2063,15,Network,1.82,1
2064,146,Network,0.09,0
2065,893,Technical,6.34,1
2066,894,Technical,0.04,0
2067,346,Billing,8.69,0
2068,176,Billing,2.02,0
2069,266,Billing,1.26,0
2070,791,Billing,7.74,1
2071,633,General,0.07,1
2072,209,General,2.61,1
2073,738,Network,2.39,1
2074,394,Technical,0.74,1
2075,994,Technical,1.68,1
2076,481,General,3.17,1
2077,725,Billing,3.9,0
2078,64,Technical,0.0,0
2079,233,Network,8.29,1
2080,708,Network,0.54,0
2081,34,Network,0.8,1
2082,611,Technical,0.92,1
2083,122,Technical,0.12,1
2084,15,Network,0.39,1
2085,30,Network,12.88,1
2086,290,General,1.14,0
2087,311,Billing,0.37,0
2088,778,Billing,0.34,1
2089,594,General,3.81,1
2090,294,Billing,5.78,0
2091,520,Network,0.89,1
2092,998,General,0.06,0
2093,106,General,0.76,0
2094,797,Technical,0.17,1
2095,360,Billing,0.33,1
2096,455,Technical,1.69,0
2097,722,General,0.78,0
2098,63,Technical,2.18,0
2099,108,Network,0.88,0
2100,336,Technical,8.47,1
2101,979,General,7.09,1
2102,15,General,2.51,0
2103,961,Technical,1.31,0
2104,893,Network,1.44,0
2105,900,Technical,1.59,1
2106,398,Network,3.9,0
2107,235,Technical,1.8,0
2108,450,General,5.83,1
2109,830,Billing,8.65,1
2110,567,General,1.23,0
2111,548,General,2.47,0
2112,605,General,0.3,1
2113,156,Billing,0.67,0
2114,133,Billing,1.6,0
2115,853,Network,0.69,1
2116,441,Network,6.28,1
2117,727,Technical,0.52,1
2118,483,Billing,1.82,1
2119,627,Network,2.79,0
2120,910,General,3.53,0
2121,257,Network,1.45,1
2122,531,Technical,6.1,0
2123,66,Technical,2.52,1
2124,953,General,1.74,0
2125,713,Network,0.21,0
2126,285,Network,1.87,0
2127,689,General,5.16,0
2128,95,Network,2.86,0
2129,259,General,5.35,0
2130,236,Billing,2.04,1
2131,168,Network,0.38,1
2132,910,Technical,0.04,0
2133,575,Technical,1.08,1
2134,827,General,3.59,1
2135,784,Technical,4.69,1
2136,106,Network,1.05,1
2137,45,Network,2.05,0
2138,704,Technical,1.64,1
2139,249,Billing,1.59,0
2140,717,Network,0.79,1
2141,508,Network,0.44,0
2142,198,Network,0.66,0
2143,193,Network,0.17,0
2144,134,Technical,0.66,0
2145,213,General,0.03,1
2146,967,Technical,2.96,1
2147,544,Network,1.14,0
2148,489,Billing,10.85,1
2149,691,General,0.65,1
2150,79,Technical,1.27,0
2151,157,Network,1.33,1
2152,543,Billing,0.03,0
2153,530,Technical,5.48,1
2154,84,General,0.1,0
2155,293,Technical,8.45,1
2156,126,General,6.68,0
2157,459,General,2.3,1
2158,284,Billing,2.35,1
2159,351,Billing,3.18,0
2160,278,Billing,1.47,0
2161,948,Billing,3.13,0
2162,577,Technical,0.14,1
2163,984,General,0.17,0
2164,847,Network,1.83,0
2165,55,General,2.39,1
2166,614,Billing,6.56,0
2167,824,Billing,0.33,0
2168,636,Network,5.19,1
2169,80,General,0.71,0
2170,178,Network,1.5,0
2171,753,Billing,1.14,0
2172,180,Network,1.53,1
2173,117,Network,0.49,0
2174,724,General,2.1,1
2175,392,General,4.85,0
2176,142,General,1.75,0
2177,606,Billing,2.02,1
2178,942,General,5.67,1
2179,560,Technical,3.67,1
2180,406,Billing,2.02,1
2181,970,General,0.89,1
2182,922,Network,6.49,1
2183,526,Network,2.58,0
2184,539,Network,0.75,0
2185,217,General,0.94,0
2186,854,General,4.88,0
2187,987,General,0.14,0
2188,382,Billing,14.52,0
2189,214,Technical,0.42,1
2190,275,Billing,4.77,0
2191,9,General,1.51,0
2192,13,Network,2.03,0
2193,577,Network,6.38,1
2194,101,Billing,1.6,0
2195,793,Network,2.31,0
2196,170,Technical,0.15,0
2197,633,General,0.01,1
2198,949,Network,0.84,0
2199,998,General,3.42,1
2200,589,Network,0.39,0
2201,11,Billing,0.36,1
2202,498,Network,1.59,0
2203,53,Billing,3.13,0
2204,411,Network,3.74,1
2205,115,Technical,0.59,1
2206,940,General,0.25,0
2207,848,Billing,8.46,1
2208,166,Network,0.91,0
2209,315,Network,5.76,0
2210,287,Network,5.97,0
2211,692,Network,4.44,0
2212,883,Billing,0.55,1
2213,499,General,5.17,0
2214,848,Billing,4.4,0
2215,381,Billing,2.72,0
2216,693,Technical,1.23,1
2217,394,Network,0.91,1
2218,190,Billing,0.39,1
2219,176,Technical,2.14,0
2220,139,Network,2.64,1
2221,474,Billing,1.34,1
2222,576,Network,1.94,0
2223,512,Billing,1.36,0
2224,122,Technical,3.07,1
2225,736,Technical,6.95,0
2226,317,General,0.54,1
2227,76,Technical,1.44,1
2228,641,Technical,0.46,1
2229,17,Billing,2.94,0
2230,208,Network,3.92,0
2231,16,Network,8.06,0
2232,970,General,0.98,0
2233,708,General,9.0,0
2234,117,Network,0.2,0
2235,83,Network,2.77,1
2236,536,General,0.18,0
2237,116,Billing,6.73,1
2238,500,General,2.26,0
2239,727,General,3.32,0
2240,139,General,5.34,0
2241,552,Billing,0.49,0
2242,387,Billing,0.12,0
2243,205,Billing,6.33,1
2244,699,General,1.13,1
2245,532,Billing,0.41,1
2246,924,Network,1.9,1
2247,620,Network,2.74,1
2248,354,Network,0.09,1
2249,143,Technical,0.96,0
2250,188,Technical,0.1,0
2251,281,Technical,1.64,0
2252,24,General,6.76,0
2253,519,General,12.16,0
2254,794,General,3.04,1
2255,861,Billing,0.53,0
2256,664,Billing,7.09,1
2257,107,Network,2.18,0
2258,609,General,0.5,0
2259,246,General,7.64,1
2260,378,General,4.25,1
2261,887,General,3.95,0
2262,425,General,3.71,0
2263,332,Network,0.67,0
2264,351,Billing,0.71,1
2265,82,Network,3.5,1
2266,180,General,0.74,0
2267,126,Billing,1.73,1
2268,563,Technical,4.57,1
2269,160,General,4.6,1
2270,401,General,1.81,1
2271,273,Billing,4.71,1
2272,89,Billing,5.47,1
2273,442,General,3.19,0
2274,848,General,0.78,1
2275,314,Billing,0.96,1
2276,835,Billing,1.13,0
2277,85,Network,0.37,1
2278,149,Network,0.96,0
2279,362,General,0.71,0
2280,821,Technical,1.82,0
2281,129,Billing,7.17,1
2282,363,Network,0.33,0
2283,321,Billing,3.82,1
2284,103,Billing,3.49,1
2285,129,Network,0.3,1
2286,697,Billing,7.68,1
2287,86,General,2.52,1
2288,378,General,1.36,0
2289,410,General,4.24,1
2290,681,Network,0.89,1
2291,645,Technical,3.55,0
2292,173,General,0.12,0
2293,498,Technical,5.49,0
2294,551,Billing,1.78,0
2295,843,Network,3.04,1
2296,432,Billing,0.75,1
2297,689,Billing,3.39,0
2298,897,Network,4.44,1
2299,491,General,1.92,0
2300,289,Network,2.88,1
2301,177,Network,1.83,1
2302,766,Technical,6.74,0
2303,546,Billing,2.07,0
2304,805,Technical,5.53,1
2305,879,General,4.85,1
2306,431,General,1.59,0
2307,719,Billing,0.78,1
2308,515,Billing,1.56,1
2309,410,General,5.25,0
2310,247,Technical,0.77,1
2311,999,Network,2.23,0
2312,202,Technical,4.92,1
2313,349,Network,1.31,1
2314,906,Technical,3.08,1
2315,781,Technical,0.85,1
2316,938,Billing,0.35,1
2317,341,Technical,4.75,0
2318,892,General,0.31,1
2319,156,Billing,0.95,0
2320,139,Network,5.8,1
2321,438,General,1.28,0
2322,62,Network,10.84,1
2323,60,General,11.7,0
2324,908,Technical,0.94,0
2325,382,Network,0.13,1
2326,427,Technical,3.66,0
2327,213,Billing,1.8,1
2328,353,Network,0.32,1
2329,484,Network,3.69,0
2330,177,Technical,0.1,0
2331,201,Network,6.13,0
2332,934,General,0.45,0
2333,730,Network,0.41,0
2334,64,General,0.58,0
2335,475,Technical,9.68,1
2336,905,General,3.54,1
2337,747,Billing,4.85,0
2338,961,Billing,1.52,1
2339,278,Network,1.23,0
2340,123,Technical,0.8,1
2341,446,Network,1.97,0
2342,124,Network,2.41,0
2343,973,Technical,3.0,1
2344,396,Billing,0.89,0
2345,143,Network,8.91,1
2346,592,Technical,0.56,1
2347,75,General,10.11,1
2348,653,Billing,0.04,0
2349,260,Billing,1.97,1
2350,128,Network,1.22,1
2351,975,Technical,1.79,1
2352,660,General,2.54,0
2353,972,Network,1.72,0
2354,414,Network,1.61,0
2355,904,Technical,3.96,0
2356,581,Technical,3.47,0
2357,439,Technical,5.37,0
2358,886,General,0.86,0
2359,831,Billing,2.82,1
2360,903,General,2.64,1
2361,856,General,1.38,1
2362,636,Network,2.0,1
2363,73,Billing,1.13,0
2364,42,Technical,0.46,1
2365,689,Network,0.72,1
2366,846,Technical,0.33,0
2367,452,Billing,3.45,0
2368,940,Network,3.24,0
2369,383,General,9.02,0
2370,676,Billing,3.92,0
2371,176,Technical,0.16,0
2372,979,General,6.47,0
2373,929,Technical,5.96,0
2374,460,General,1.76,0
2375,990,Network,2.64,1
2376,172,Network,11.2,1
2377,138,Technical,2.28,1
2378,254,Network,7.07,1
2379,604,Network,0.26,1
2380,590,General,0.64,1
2381,95,General,1.74,1
2382,120,Network,2.64,0
2383,499,Billing,5.08,1
2384,525,Technical,13.33,1
2385,338,Technical,1.48,0
2386,47,General,0.15,1
2387,552,Network,4.85,1
2388,945,Billing,2.78,1
2389,696,Technical,0.66,0
2390,57,Billing,2.05,1
2391,16,Network,4.07,1
2392,723,Network,4.41,1
2393,292,General,2.08,0
2394,884,Billing,1.09,0
2395,59,General,10.92,1
2396,949,General,3.27,0
2397,220,Technical,1.57,1
2398,448,Technical,0.99,1
2399,201,Network,3.94,1
2400,508,General,0.83,0
2401,308,Network,0.57,0
2402,280,Network,2.26,0
2403,264,Billing,1.03,0
2404,131,Technical,2.97,0
2405,542,Technical,0.38,1
2406,151,General,3.19,0
2407,556,Billing,1.0,1
2408,868,Billing,0.0,1
2409,466,Technical,0.41,0
2410,417,Network,8.14,1
2411,315,General,6.06,0
2412,127,Billing,0.8,1
2413,309,Technical,4.52,1
2414,378,General,2.81,0
2415,194,Billing,10.61,0
2416,393,Network,1.4,1
2417,885,General,3.43,1
2418,336,Network,0.2,0
2419,824,Billing,1.51,0
2420,950,General,9.96,0
2421,847,Network,2.32,0
2422,41,Network,1.02,1
2423,435,Billing,0.38,1
2424,419,General,3.65,0
2425,886,Network,3.11,0
2426,740,Billing,1.4,1
2427,569,Billing,9.04,0
2428,24,General,0.07,0
2429,778,Billing,1.09,0
2430,894,General,7.62,0
2431,400,Technical,1.16,0
2432,563,Technical,0.87,1
2433,391,Billing,2.29,1
2434,745,General,5.21,0
2435,51,Technical,0.33,0
2436,505,General,8.6,1
2437,854,General,4.76,0
2438,296,Technical,0.6,0
2439,485,Technical,3.73,1
2440,954,Billing,1.46,0
2441,212,Billing,1.54,1
2442,242,Billing,4.59,1
2443,253,Network,9.87,1
2444,255,Technical,0.41,0
2445,417,Network,1.64,0
2446,214,Billing,1.97,1
2447,627,Technical,1.42,0
2448,953,Network,1.35,1
2449,318,General,0.16,0
2450,448,General,3.47,0
2451,113,Technical,1.72,0
2452,485,Billing,0.65,0
2453,590,Technical,5.08,0
2454,461,General,4.87,1
2455,901,Billing,2.0,1
2456,915,Technical,1.06,0
2457,151,General,3.05,1
2458,933,Billing,1.02,1
2459,800,General,0.81,0
2460,379,Network,3.93,0
2461,638,Technical,0.12,1
2462,776,Network,0.3,1
2463,134,Network,0.02,0
2464,723,Network,0.5,0
2465,356,Network,0.21,1
2466,433,Billing,16.42,1
2467,743,General,1.02,0
2468,671,Technical,0.48,1
2469,25,General,0.83,0
2470,840,Network,8.25,1
2471,632,Technical,2.2,0
2472,958,Billing,1.36,0
2473,400,Technical,6.2,0
2474,491,Network,1.51,0
2475,446,Billing,1.22,0
2476,642,Technical,0.7,0
2477,753,Billing,1.42,1
2478,954,Billing,1.14,1
2479,136,Billing,3.39,1
2480,968,General,1.03,1
2481,212,General,2.58,0
2482,995,Billing,0.2,0
2483,131,Technical,0.64,0
2484,387,Network,1.57,0
2485,67,Network,8.29,0
2486,998,Technical,1.42,1
2487,777,Billing,3.27,1
2488,910,Technical,0.88,1
2489,645,Billing,0.41,0
2490,427,Billing,0.18,1
2491,481,Billing,1.09,1
2492,665,General,0.51,0
2493,925,Network,0.57,1
2494,888,Billing,4.29,1
2495,123,General,0.05,0
2496,453,Billing,2.45,1
2497,114,Network,1.43,0
2498,16,Billing,2.12,0
2499,131,Technical,2.48,1
2500,938,Technical,1.13,0
2501,827,Technical,1.05,0
2502,313,Technical,3.97,0
2503,33,Technical,6.15,1
2504,726,Network,0.64,0
2505,891,Billing,0.31,1
2506,176,General,6.84,1
2507,658,Technical,1.29,0
2508,244,General,2.4,1
2509,504,Technical,1.34,1
2510,568,General,0.4,1
2511,926,Technical,2.67,0
2512,303,Billing,2.23,0
2513,822,General,0.68,1
2514,228,Technical,1.8,0
2515,140,General,4.78,1
2516,976,Technical,2.68,0
2517,460,General,0.31,0
2518,935,Billing,2.38,0
2519,999,Network,3.64,0
2520,200,Billing,4.72,1
2521,953,Network,2.98,1
2522,770,Network,0.5,0
2523,452,Technical,3.72,0
2524,967,General,3.39,0
2525,486,Network,0.07,1
2526,48,General,1.59,0
2527,693,Technical,1.21,1
2528,349,Technical,3.32,0
2529,263,Technical,0.73,1
2530,132,Technical,2.68,1
2531,945,Network,7.33,1
2532,413,General,4.8,0
2533,769,Technical,7.63,1
2534,244,Network,11.52,0
2535,124,Technical,0.03,0
2536,900,Network,2.92,0
2537,976,Billing,1.6,0
2538,545,General,5.9,0
2539,500,Technical,0.87,0
2540,787,Billing,11.89,0
2541,369,Billing,2.85,0
2542,493,General,4.73,0
2543,302,General,0.27,1
2544,451,Network,0.61,0
2545,524,Network,4.26,0
2546,918,Technical,0.07,1
2547,524,General,5.09,1
2548,322,Technical,0.04,1
2549,706,Billing,3.21,0
2550,707,General,1.36,0
2551,722,Technical,2.84,0
2552,752,Technical,3.57,0
2553,974,Billing,1.26,0
2554,597,Technical,0.34,0
2555,783,General,0.22,1
2556,753,Technical,2.67,1
2557,940,Network,2.21,0
2558,100,General,4.07,1
2559,63,General,2.14,0
2560,747,Technical,1.65,1
2561,336,Network,1.52,0
2562,747,Technical,0.08,1
2563,319,General,1.23,0
2564,177,Billing,11.19,1
2565,422,Network,6.2,0
2566,310,Network,1.2,1
2567,485,Technical,2.66,0
2568,995,Network,5.64,1
2569,707,Billing,1.75,1
2570,971,Billing,0.05,1
2571,855,Technical,0.23,0
2572,551,Billing,2.14,0
2573,864,General,10.46,1
2574,332,General,3.54,1
2575,166,Technical,0.22,1
2576,88,Technical,0.63,0
2577,734,Network,4.43,1
2578,91,Network,5.52,0
2579,903,General,2.88,0
2580,772,Network,3.1,1
2581,260,Technical,0.09,1
2582,540,Network,5.29,0
2583,505,Network,4.66,0
2584,932,Billing,0.9,1
2585,621,Technical,3.7,1
2586,214,Technical,0.73,1
2587,549,General,0.12,0
2588,417,General,0.67,1
2589,928,General,0.59,0
2590,401,Billing,1.24,1
2591,900,General,1.63,0
2592,667,General,2.13,0
2593,811,Billing,1.94,1
2594,936,Network,0.95,0
2595,593,General,0.09,0
2596,587,Billing,2.79,0
2597,276,Network,1.51,1
2598,860,Technical,1.06,0
2599,407,General,6.05,1
2600,533,Billing,4.12,0
2601,692,Technical,5.85,0
2602,795,Billing,2.05,0
2603,413,General,0.42,0
2604,479,Technical,3.57,1
2605,877,Network,0.69,1
2606,679,Technical,1.75,0
2607,281,Network,0.2,1
2608,325,Billing,5.23,0
2609,44,Billing,0.4,1
2610,296,Network,7.0,1
2611,929,Billing,5.99,1
2612,879,Billing,1.87,0
2613,340,General,4.09,0
2614,185,Billing,2.9,0
2615,846,General,4.87,0
2616,672,Technical,1.7,1
2617,606,Billing,4.62,1
2618,307,Network,1.86,1
2619,620,Network,8.49,1
2620,81,General,2.0,1
2621,591,General,1.86,1
2622,187,Billing,4.61,1
2623,789,Technical,5.17,0
2624,960,Billing,2.43,1
2625,470,Network,0.59,1
2626,638,Technical,1.89,1
2627,3,General,10.33,1
2628,85,General,4.19,0
2629,177,Technical,5.0,0
2630,964,Technical,0.1,0
2631,556,General,1.89,1
2632,315,Technical,3.12,0
2633,571,Technical,5.32,0
2634,152,Technical,0.15,1
2635,882,General,5.74,0
2636,897,General,2.38,1
2637,990,Technical,0.66,0
2638,636,General,1.14,0
2639,537,Technical,0.99,0
2640,974,Network,2.27,0
2641,166,Technical,0.16,1
2642,280,General,0.52,1
2643,22,General,5.03,0
2644,49,Network,0.43,1
2645,964,Technical,0.8,0
2646,38,Technical,1.81,0
2647,668,Network,2.18,1
2648,779,General,4.33,1
2649,430,Network,1.78,0
2650,836,General,4.68,1
2651,728,Network,2.89,0
2652,386,Technical,0.36,1
2653,189,Billing,0.51,1
2654,983,General,1.72,0
2655,695,General,1.52,1
2656,73,General,4.08,0
2657,731,Billing,2.61,1
2658,276,General,1.47,1
2659,354,Technical,0.56,1
2660,437,Billing,0.77,1
2661,628,Billing,2.57,1
2662,234,Network,1.65,0
2663,614,General,2.17,0
2664,604,General,0.56,0
2665,739,Network,3.26,0
2666,20,Technical,5.74,1
2667,169,Technical,0.89,1
2668,822,Technical,2.03,1
2669,342,General,11.13,0
2670,940,Network,1.22,0
2671,626,Network,2.71,1
2672,988,Technical,0.28,0
2673,65,Network,2.79,0
2674,625,General,0.28,1
2675,810,Network,9.6,0
2676,759,Network,3.77,1
2677,337,Billing,4.66,0
2678,591,Billing,3.65,1
2679,427,Network,2.67,1
2680,621,Billing,1.79,1
2681,584,General,5.86,0
2682,411,Billing,9.43,0
2683,371,Billing,2.07,1
2684,146,Billing,8.04,0
2685,981,Technical,2.63,0
2686,546,Billing,2.32,1
2687,578,Technical,1.82,1
2688,138,Technical,0.7,1
2689,516,General,0.01,1
2690,233,Technical,0.83,0
2691,981,Technical,2.14,1
2692,172,Billing,1.43,1
2693,942,Technical,1.79,1
2694,557,Technical,11.83,1
2695,761,Technical,1.29,1
2696,335,General,1.81,1
2697,794,Technical,0.43,1
2698,623,Network,0.15,0
2699,576,Billing,4.48,1
2700,472,Billing,2.54,0
2701,572,Billing,4.29,1
2702,413,Network,0.49,0
2703,902,Billing,2.54,1
2704,18,General,0.88,0
2705,870,Billing,0.78,0
2706,50,Billing,0.03,1
2707,387,Technical,0.42,0
2708,686,General,1.11,0
2709,346,General,0.37,0
2710,236,Billing,12.78,1
2711,832,General,1.11,1
2712,108,Network,0.42,0
2713,825,Billing,0.67,1
2714,304,Technical,2.66,0
2715,528,General,0.2,0
2716,933,Technical,5.95,0
2717,450,Billing,9.77,0
2718,890,Network,0.85,1
2719,109,Network,1.79,1
2720,574,General,0.07,1
2721,986,General,3.07,1
2722,649,Network,1.6,0
2723,389,Network,0.94,0
2724,701,Billing,0.7,0
2725,660,General,3.18,1
2726,354,Billing,1.61,0
2727,830,Network,0.59,0
2728,86,General,3.5,1
2729,889,Network,2.5,0
2730,842,Billing,5.87,0
2731,99,General,0.37,1
2732,562,Network,4.62,1
2733,734,Billing,3.36,0
2734,788,Technical,0.37,1
2735,188,General,3.56,0
2736,43,General,1.75,1
2737,421,Network,8.7,1
2738,177,Network,0.46,1
2739,871,Billing,3.09,0
2740,878,General,1.44,1
2741,745,Billing,9.43,0
2742,685,Network,1.2,0
2743,603,Billing,9.83,1
2744,762,Billing,6.95,1
2745,607,General,0.95,0
2746,379,Billing,4.88,0
2747,532,Billing,16.28,1
2748,150,Network,0.87,0
2749,883,General,1.72,1
2750,979,Billing,2.2,0
2751,311,General,1.05,1
2752,731,Billing,0.05,0
2753,229,General,0.75,0
2754,642,Technical,0.99,1
2755,710,General,1.76,0
2756,145,General,0.56,1
2757,207,Technical,6.2,1
2758,647,Billing,3.66,0
2759,967,General,0.27,0
2760,185,General,3.15,1
2761,461,General,3.18,1
2762,37,Technical,9.39,0
2763,654,Network,0.01,0
2764,309,Network,0.85,0
2765,945,Technical,7.88,0
2766,494,General,8.07,0
2767,123,Technical,3.83,1
2768,808,Technical,4.35,1
2769,336,Billing,0.29,0
2770,455,General,2.16,1
2771,14,General,0.79,0
2772,884,Technical,0.6,1
2773,250,Billing,4.99,1
2774,951,Billing,0.44,1
2775,207,Network,1.9,0
2776,997,Billing,8.37,1
2777,83,General,0.62,1
2778,718,General,11.45,1
2779,668,Technical,15.5,1
2780,344,Technical,2.43,1
2781,986,Technical,0.56,1
2782,746,General,1.14,0
2783,573,General,1.66,1
2784,330,Network,1.11,1
2785,456,Network,0.99,1
2786,573,Billing,10.75,1
2787,509,General,0.5,1
2788,807,General,3.97,0
2789,872,General,0.0,0
2790,666,General,2.72,0
2791,142,General,7.43,1
2792,887,Billing,1.02,1
2793,142,Network,0.62,1
2794,147,Technical,3.16,1
2795,448,Technical,3.74,1
2796,65,Technical,3.49,0
2797,339,General,1.15,1
2798,993,Network,0.87,0
2799,995,General,9.37,0
2800,344,Billing,7.7,0
2801,595,Technical,1.83,0
2802,359,Technical,5.62,1
2803,237,Network,1.81,0
2804,84,Billing,1.66,1
2805,343,Technical,0.51,1
2806,142,Technical,1.67,1
2807,81,General,2.31,1
2808,312,Network,0.07,1
2809,644,Technical,1.76,0
2810,950,Billing,4.56,0
2811,430,Billing,3.42,1
2812,209,Network,3.02,0
2813,666,Network,7.21,0
2814,300,Technical,0.05,1
2815,402,Billing,2.44,0
2816,549,Technical,4.64,0
2817,959,Network,2.34,1
2818,173,Network,1.17,1
2819,403,Network,0.44,1
2820,231,Technical,6.56,0
2821,263,General,1.91,0
2822,479,Network,6.31,1
2823,546,Technical,2.64,0
2824,253,Technical,3.36,0
2825,457,Network,4.89,1
2826,998,Billing,3.23,1
2827,826,Technical,1.52,0
2828,150,Network,2.16,0
2829,948,Network,4.87,1
2830,594,Network,1.4,0
2831,794,General,1.47,0
2832,507,Technical,0.3,1
2833,198,Technical,7.38,0
2834,466,Technical,0.29,1
2835,734,Billing,3.13,0
2836,343,Network,1.6,0
2837,545,Technical,1.56,0
2838,332,Network,3.41,0
2839,207,General,0.21,0
2840,36,Billing,2.7,1
2841,702,General,4.44,1
2842,520,Technical,5.28,0
2843,165,Billing,0.56,1
2844,856,Network,6.83,0
2845,413,Network,3.2,0
2846,790,Network,6.41,1
2847,177,General,1.99,0
2848,707,General,2.34,0
2849,270,General,7.54,1
2850,33,General,6.91,1
2851,126,Billing,1.78,0
2852,332,Technical,0.96,0
2853,209,General,1.5,0
2854,676,General,1.47,0
2855,797,Billing,1.01,1
2856,95,Network,0.94,0
2857,522,Billing,5.92,0
2858,823,Technical,0.22,0
2859,584,Network,3.4,1
2860,639,Billing,0.57,1
2861,904,Technical,1.27,0
2862,772,General,0.19,1
2863,505,Network,0.94,0
2864,364,Technical,4.39,1
2865,409,Technical,6.49,0
2866,950,Network,0.75,1
2867,164,Billing,1.87,1
2868,420,General,1.91,1
2869,835,General,6.2,0
2870,98,Billing,4.32,0
2871,30,Technical,2.16,1
2872,308,General,3.33,1
2873,505,Billing,5.64,1
2874,951,General,0.03,0
2875,611,Billing,1.55,0
2876,599,Technical,7.13,1
2877,544,Billing,4.04,0
2878,941,Technical,2.35,0
2879,977,Technical,2.26,0
2880,953,Technical,1.28,1
2881,354,Network,2.21,0
2882,704,General,3.2,0
2883,171,General,1.63,1
2884,202,Billing,3.76,0
2885,620,General,5.92,0
2886,432,Billing,0.5,0
2887,461,Technical,1.8,1
2888,4,Billing,1.57,1
2889,28,General,3.49,1
2890,200,General,0.86,0
2891,74,General,3.07,1
2892,280,Network,6.3,1
2893,575,Network,1.62,0
2894,936,Network,7.26,0
2895,900,General,14.96,0
2896,849,Technical,0.34,0
2897,779,Network,0.8,1
2898,578,Technical,9.01,0
2899,713,Network,9.53,0
2900,598,Billing,0.31,1
2901,594,Billing,0.05,0
2902,229,Billing,0.53,1
2903,456,Technical,16.57,1
2904,72,Billing,0.6,1
2905,760,Technical,2.09,1
2906,265,Technical,5.66,1
2907,248,Billing,0.06,1
2908,976,Technical,2.78,0
2909,68,General,0.97,0
2910,9,Technical,5.95,0
2911,737,Network,1.0,1
2912,978,Billing,3.48,0
2913,727,Billing,3.36,0
2914,992,Technical,0.75,0
2915,696,Network,0.11,1
2916,514,Billing,1.58,1
2917,606,General,1.02,0
2918,989,Network,4.97,0
2919,935,General,4.83,0
2920,82,Network,1.83,1
2921,509,Network,2.8,1
2922,313,Network,2.78,1
2923,205,General,5.27,0
2924,185,Network,1.66,0
2925,235,Billing,0.97,0
2926,114,General,0.92,0
2927,690,Network,2.3,0
2928,79,Technical,1.79,1
2929,973,General,1.74,1
2930,812,General,0.29,1
2931,755,Billing,3.8,1
2932,616,Network,0.72,1
2933,396,Network,0.66,1
2934,497,Billing,1.6,0
2935,779,Network,0.78,0
2936,951,General,2.63,1
2937,145,Billing,1.39,1
2938,543,Technical,1.79,0
2939,949,General,2.31,0
2940,179,Billing,0.68,1
2941,603,General,0.51,1
2942,287,Technical,6.37,1
2943,567,Network,1.71,1
2944,173,General,1.59,1
2945,353,General,0.11,0
2946,144,Technical,2.07,1
2947,613,Billing,2.42,1
2948,918,General,2.46,0
2949,275,Technical,3.68,1
2950,286,General,0.59,1
2951,117,Network,0.87,1
2952,151,General,4.99,1
2953,104,General,8.82,1
2954,93,General,0.44,0
2955,493,Network,2.07,1
2956,143,Network,0.72,1
2957,909,Network,0.19,0
2958,649,Network,1.18,1
2959,906,General,0.47,1
2960,509,Technical,3.71,1
2961,159,Billing,2.29,1
2962,18,Billing,0.47,1
2963,787,General,0.03,1
2964,52,Technical,4.95,0
2965,275,Technical,0.58,1
2966,17,Billing,2.8,0
2967,773,Network,1.23,0
2968,958,General,2.64,1
2969,887,Billing,1.14,0
2970,224,Technical,0.27,0
2971,700,Technical,0.76,0
2972,676,Network,0.62,1
2973,484,Network,1.68,0
2974,251,Billing,3.22,1
2975,136,Network,0.92,0
2976,712,Technical,0.04,1
2977,409,Network,2.2,0
2978,66,General,2.79,0
2979,535,Billing,9.88,0
2980,43,Network,2.67,0
2981,238,Network,1.91,0
2982,151,General,2.56,1
2983,868,Network,7.89,1
2984,771,General,5.29,0
2985,566,General,1.17,1
2986,167,Billing,0.81,1
2987,490,Technical,0.91,0
2988,537,General,2.11,1
2989,258,Network,4.09,1
2990,372,Network,2.1,1
2991,672,Technical,0.21,1
2992,453,Technical,3.86,1
2993,14,General,4.92,1
2994,758,Technical,1.03,0
2995,408,Network,3.27,1
2996,387,Billing,1.67,0
2997,986,Billing,6.6,0
2998,639,Network,5.6,0
2999,914,Billing,2.24,1
3000,423,General,3.53,1
